{
  "learning_rate": 0.005642690003801225,
  "num_leaves": 41,
  "max_depth": 9,
  "subsample": 0.5814770270896218,
  "colsample_bytree": 0.9674708552327219,
  "reg_alpha": 0.0005424033675560264,
  "reg_lambda": 0.023163947918919098,
  "min_child_samples": 33
}