{
  "learning_rate": 0.022076583911090145,
  "max_depth": 7,
  "subsample": 0.6874723597235824,
  "colsample_bytree": 0.8252736895030667,
  "reg_alpha": 2.0101235877104179e-07,
  "reg_lambda": 1.2723209327285888e-07,
  "min_child_weight": 20
}