Cartera,Retorno Anualizado,Volatilidad Anualizada,Sharpe Ratio,Sortino Ratio,Max Drawdown,Calmar Ratio,Total Return,Semanas
XGB+Opt,0.08771613557688411,0.07599205959485766,1.154280276709592,1.6921687059818922,-0.1744481459194018,0.5028206812665728,2.7149615795250934,778
LGB+Opt,0.08145172165455163,0.08143601891124568,1.0001928230716075,1.3221064981035846,-0.21861231760069075,0.37258523466792187,2.382594661366021,778
Markowitz,0.05392471377155979,0.06482164575771751,0.8318936235144823,1.0306430180482522,-0.19821311160296848,0.2720542215167576,1.2407187369722883,778
60/40,0.08603356693034665,0.10158214301731065,0.8469359316005535,1.0287619837108515,-0.21671705421323514,0.3969856790582589,2.6226091309017634,778
Equal Wt,0.07300706574255215,0.11251683695991249,0.6488545867012163,0.7941850992363872,-0.24209440882141528,0.3015644437968287,1.9811168794771024,778
